Species,Status,Seed Mass (mg),Maximum Height (m),SLA (cm^2/g),Leaf Size (cm^2),Leaf Nitrogen (%)
Abies_grandis,n,17.21540461,68.57142857,NA,0.365239647,NA
Acer_glabrum,n,36.58031443,10,268.0889659,22.57300284,NA
Acer_macrophyllum,n,133.3852804,19.69728499,252.1900766,128.0844641,2.64
Achillea_millefolium,n,0.146208383,0.461538462,187.2335203,5.671022463,2.498042225
Achnatherum_lemmonii,n,5.627292304,0.9,NA,NA,NA
Acmispon_denticulatus,n,6.05,NA,NA,NA,NA
Acmispon_parviflorus,n,2.132685689,NA,NA,NA,NA
Adenocaulon_bicolor,n,5.487700722,1,NA,NA,NA
Agoseris_grandiflora,n,1.229879238,0.7,NA,NA,NA
Agrostis_exarata,n,0.1052,1,NA,NA,NA
Agrostis_scabra,n,0.065339416,0.666666667,123.2362833,NA,1.55
Agrostis_stolonifera,i,0.069304054,0.352941176,295.1380958,3.170752474,NA
Aira_caryophyllea,i,0.139235747,0.3,194.6000334,0.128701069,NA
Aira_praecox,i,0.165651466,0.08,174.4372204,0.149909896,NA
Allium_acuminatum,n,2.316108408,0.3,NA,NA,NA
Allium_cernuum,n,3.813817271,0.5,NA,6.75,NA
Alnus_alnobetula,n,1.723952003,NA,233.384424,21.40343976,NA
Alnus_rubra,n,0.979475389,25,153.8290993,NA,2.246821903
Ambrosia_chamissonis,n,NA,NA,NA,NA,NA
Amelanchier_alnifolia,n,5.483855104,10,106.2328946,NA,1.82
Amsinckia_menziesii,n,2.020187047,0.8,234.6785035,19.20831851,NA
Amsinckia_spectabilis,n,1.204342144,0.4,NA,NA,NA
Anagallis_arvensis,i,0.467533454,0.285714286,307.1891506,0.407921561,2.74779374
Anaphalis_margaritacea,n,0.072740435,0.9,128,14.71,NA
Anisocarpus_madioides,n,NA,NA,NA,NA,NA
Anthemis_arvensis,i,0.66315609,0.6,417.3017275,4.696991789,NA
Anthoxanthum_odoratum,i,0.523673115,0.420384018,293.3327397,1.367113748,2.150306808
Anthriscus_caucalis,i,1.128482887,0.9,377.0496785,29.27590064,NA
Aphanes_australis,i,NA,NA,NA,NA,NA
Aquilegia_formosa,n,1.217628036,1,NA,NA,NA
Arabidopsis_thaliana,i,0.021012472,0.4,326.5610829,2.430637776,3.57
Arabis_hirsuta,n,0.100069333,0.685714286,238.5449927,3.74,2
Arbutus_menziesii,n,17.7830114,13.86051769,71.34637786,49.27,1.211213597
Arctostaphylos_uva_ursi,n,11.66303511,NA,54.8478367,1.721300621,1.08706697
Arenaria_serpyllifolia,n,0.070219227,0.272727273,205.8547732,0.068837622,NA
Armeria_maritima,n,0.921124622,0.5,186.5288402,1.004255905,1.7
Artemisia_campestris,n,0.135921844,1,161.5796747,1.724612714,NA
Artemisia_suksdorfii,n,0.6268,1.5,NA,NA,NA
Asparagus_officinalis,i,23.09494057,1.5,98.58913103,0.131951129,NA
Aspidotis_densa,n,NA,NA,NA,NA,NA
Asplenium_trichomanes,n,NA,0.222222222,109,10.42,NA
Athyrium_filix_femina,n,NA,NA,182.6488075,677.3,2.08808535
Atriplex_dioica,n,NA,NA,NA,NA,NA
Atriplex_gmelinii,n,NA,NA,NA,NA,NA
Atriplex_prostrata,i,1.522895768,1,205.4210886,25.40024175,NA
Avena_fatua,i,10.52390143,0.8,253.3337792,51.79674314,2.83
Barbarea_orthoceras,n,NA,0.6,NA,NA,NA
Barbarea_vulgaris,i,0.565583421,0.8,256.4488253,28.21947554,NA
Bellis_perennis,i,0.112879042,0.052173913,264.4339359,3.585484626,NA
Berberis_aquifolium,n,9.895296194,4.5,NA,NA,NA
Berberis_nervosa,n,16.37399883,0.6,NA,NA,NA
Betula_papyrifera,n,0.310319682,18,147.1620517,23.15669246,1.942392615
Bolboschoenus_maritimus,n,2.239291645,NA,123.9991869,17.77773472,NA
Brassica_nigra,i,0.825305101,1.5,265.5469153,70.55798747,NA
Brassica_rapa,i,1.932685624,0.4,274.3439161,32.48168836,NA
Brodiaea_coronaria,n,1.579341635,0.4,NA,NA,NA
Bromus_carinatus,n,5.698778198,1.3,206,17.16,NA
Bromus_commutatus,i,4.31581821,1.2,269.8068058,8.523037386,NA
Bromus_diandrus,i,9.703417057,NA,NA,NA,NA
Bromus_hordeaceus,i,1.885675969,0.509090909,287.4019297,1.610281978,2.540940378
Bromus_pacificus,n,NA,NA,NA,NA,NA
Bromus_sitchensis,n,NA,NA,NA,NA,NA
Bromus_sterilis,i,7.486311347,0.571428571,337.0945064,4.538479246,NA
Bromus_tectorum,i,3.026209351,0.884210526,332.0807176,7.208313055,NA
Bromus_vulgaris,i,NA,NA,NA,NA,NA
Buglossoides_arvensis,i,5.86027406,NA,270.5227776,2.026082855,NA
Cakile_edentula,i,9.851642192,0.5,NA,NA,NA
Cakile_maritima,i,13.84818725,0.45,164.3386032,8.093464239,NA
Calamagrostis_purpurascens,n,NA,0.436363636,NA,NA,NA
Calandrinia_ciliata,n,0.473181293,0.35,NA,NA,NA
Calypso_bulbosa,n,0.000447214,0.2,NA,NA,NA
Camassia_leichtlinii,n,7.550432041,1,NA,NA,NA
Camassia_quamash,n,3.868714346,0.7,NA,NA,NA
Campanula_rotundifolia,n,0.059177529,0.212427749,240.9068909,0.502684045,1.880804231
Capsella_bursa_pastoris,i,0.105182669,NA,290.7557433,10.40686617,4.184494681
Cardamine_flexuosa,i,0.12662562,0.15,393.5784547,6.61,NA
Cardamine_hirsuta,i,0.117013949,0.3,274.2238441,3.220246789,NA
Cardamine_oligosperma,n,0.152,0.5,NA,NA,NA
Carex_deweyana,n,NA,NA,NA,NA,NA
Carex_inops,n,2.48,0.5,NA,NA,NA
Carex_lyngbyei,n,1.5656,NA,NA,NA,NA
Carex_obnupta,n,0.56477629,1.5,NA,NA,NA
Carex_pansa,n,0.9436,0.3,NA,NA,NA
Castilleja_attenuata,n,0.04,0.35,NA,NA,NA
Castilleja_hispida,n,0.107,0.6,NA,NA,NA
Castilleja_victoriae,n,NA,NA,NA,NA,NA
Cerastium_arvense,n,0.269208937,0.4,221.1896882,NA,3.5
Cerastium_fontanum,i,0.128260272,0.218181818,289.9885473,0.617912845,2.41
Cerastium_glomeratum,i,0.044771983,0.5,203.4600391,1.687684936,NA
Cerastium_pumilum,i,0.097899661,0.5,306.2066887,0.197941153,NA
Cerastium_semidecandrum,i,0.035721054,0.2,187.7625921,0.300797876,NA
Chamerion_angustifolium,n,0.04659001,3,185.4534587,NA,3.178166799
Chenopodium_album,i,0.602605244,1,220.0738116,16.07160038,3.577772166
Cirsium_arvense,i,1.298344525,1.333333333,133.7819548,35.59970356,2.223286532
Cirsium_vulgare,i,2.802348142,1.714285714,145.469091,51.42430892,NA
Clarkia_amoena,n,NA,NA,NA,NA,NA
Claytonia_exigua,n,0.456,1.5,NA,NA,NA
Claytonia_parviflora,n,0.279033153,0.3,NA,NA,NA
Claytonia_perfoliata,n,0.651074866,0.291666667,442.3133385,6.831161715,NA
Claytonia_rubra,n,0.289,0.6,NA,NA,NA
Collinsia_grandiflora,n,NA,0.4,NA,NA,NA
Collinsia_parviflora,n,1.641347637,0.4,NA,NA,NA
Conioselinum_pacificum,n,NA,NA,NA,NA,NA
Conringia_orientalis,i,2.53968502,0.5,301.7384135,48.44697993,NA
Corallorhiza_maculata,n,0.002356028,0.5,NA,NA,NA
Coreopsis_lanceolata,i,1.133402478,0.2,NA,NA,NA
Corylus_cornuta,n,447.5033133,3,302.32,33.21,1.953619192
Cotoneaster_dielsianus,i,19.27755171,NA,NA,NA,NA
Cotoneaster_franchetii,i,11.53998354,NA,NA,NA,NA
Cotoneaster_horizontalis,i,10.89205717,0.5,109.3050093,0.412702659,NA
Crassula_tillaea,i,0.009591663,NA,NA,NA,NA
Crataegus_douglasii,n,24.12051781,7,97.3,NA,NA
Crataegus_monogyna,i,104.2861733,4.205058179,111.7150347,4.975799182,1.681000878
Crepis_capillaris,i,0.231576267,0.45,277.8891818,14.57061661,NA
Cuscuta_salina,n,1.252,NA,NA,NA,NA
Cynosurus_cristatus,i,0.514688493,0.177777778,227.9273582,3.505441022,NA
Cynosurus_echinatus,i,1.429934655,0.5,NA,NA,NA
Cystopteris_fragilis,n,NA,0.276923077,214,19.7,NA
Dactylis_glomerata,i,0.83345553,1.054882717,250.9600457,10.26777952,2.672732347
Danthonia_californica,n,2.38181849,1.3,NA,NA,NA
Daphne_laureola,i,NA,1.8,90.34187708,15.25060269,NA
Daucus_pusillus,n,0.780176456,0.9,NA,NA,NA
Delphinium_menziesii,n,1.536,0.7,NA,NA,NA
Delphinium_nuttallianum,n,0.415480645,0.7,NA,NA,NA
Digitalis_purpurea,i,0.085463283,1.348469228,226.3813845,320.6795545,3.78
Distichlis_spicata,n,0.441687672,0.4,NA,NA,NA
Dryopteris_expansa,n,NA,0.7,205.6045362,605.3478601,NA
Eleocharis_palustris,n,0.704215209,0.75,103.1,NA,1.45
Elymus_glaucus,n,4.244005223,1.8,NA,NA,NA
Elymus_repens,i,3.814083821,0.918058124,260.2344072,26.12165889,2.37584755
Elymus_trachycaulus,n,3.506930282,1.2,NA,NA,NA
Epilobium_ciliatum,n,0.071739632,1.5,479.8397034,4.176293469,NA
Epilobium_minutum,n,0.090853729,0.45,NA,NA,NA
Epilobium_paniculatum,n,NA,NA,NA,NA,NA
Epipactis_helleborine,i,0.002634311,1,273.9167338,22.61959249,NA
Equisetum_arvense,n,NA,0.232258065,104.9467213,1.577433655,1.683777056
Equisetum_hyemale,n,NA,1.2,29.62154902,13.62984416,NA
Equisetum_telmateia,n,NA,1.5,162.2980106,0.491100337,NA
Eriophyllum_lanatum,n,0.892265643,0.6,NA,NA,NA
Erodium_cicutarium,i,2.037322398,0.257142857,344.7452578,8.918667895,1.97
Erophila_verna,i,0.034501913,0.25,315.0137673,1.102270384,NA
Erythronium_oregonum,n,5.0544,0.35,NA,NA,NA
Eschscholzia_californica,i,1.330813379,0.5,NA,NA,NA
Festuca_arundinacea,i,2.239725451,2,176.5743251,36.40892748,NA
Festuca_occidentalis,n,0.278,1.1,NA,NA,NA
Festuca_pratensis,i,2.087171781,0.4875,241.958618,5.028081145,NA
Festuca_roemeri,n,NA,NA,NA,NA,NA
Festuca_rubra,n,1.029774268,0.8,168.0623132,0.811702966,2.085904247
Festuca_subuliflora,n,NA,NA,NA,NA,NA
Fragaria_vesca,n,0.322860772,0.15,211.2621625,17.22183787,1.959731703
Fragaria_virginiana,n,0.460685055,0.15,NA,NA,1.621600279
Fritillaria_affinis,n,2.204,0.8,NA,NA,NA
Galium_aparine,n,8.296528701,0.571428571,333.6211091,1.313828707,2.820979493
Galium_triflorum,n,0.798041104,0.8,NA,0.75,1.905135813
Gamochaeta_purpurea,n,0.0104,NA,NA,NA,NA
Gaultheria_shallon,n,0.139346991,3,69.24902224,28.77491181,0.88904352
Gayophytum_diffusum,n,0.2988,0.6,NA,NA,NA
Geranium_carolinianum,i,2.404972589,0.7,NA,NA,NA
Geranium_dissectum,i,2.254139087,0.6,229.8499569,10.61980912,NA
Geranium_molle,i,1.082689884,0.24,299.0009532,6.926225756,NA
Geranium_robertianum,i,1.383172642,0.545454545,415.0009869,11.90408947,2.576819745
Geum_macrophyllum,n,0.609469491,1,NA,NA,NA
Gnaphalium_palustre,n,NA,NA,NA,NA,NA
Goodyera_oblongifolia,n,0.001414214,0.4,NA,NA,NA
Grindelia_hirsutula,n,3.825178447,0.8,NA,NA,NA
Grindelia_integrifolia,n,3.573,0.8,NA,NA,NA
Hedera_helix,i,25.07291468,2.857142857,135.5730942,13.60682824,1.68358219
Hemizonella_minima,n,NA,NA,NA,NA,NA
Heracleum_maximum,n,7.386065194,3,NA,NA,NA
Heuchera_micrantha,n,0.037393803,0.6,NA,NA,NA
Hieracium_albiflorum,n,0.374383107,1.2,NA,NA,NA
Holcus_lanatus,i,0.270979825,0.366650502,325.8784906,7.040781333,2.146392322
Holodiscus_discolor,n,0.149720368,2.857585151,152.1522368,7.874762381,1.760585635
Honckenya_peploides,n,7.520212763,0.4,177.5415379,0.391990694,NA
Hordeum_brachyantherum,n,2.66931099,1,NA,NA,NA
Hordeum_depressum,i,NA,NA,NA,NA,NA
Hordeum_geniculatum,i,NA,NA,NA,NA,NA
Hordeum_jubatum,i,1.573048776,0.6,204.2949934,1.81,2.05750318
Hordeum_murinum,i,4.719305349,0.5,318.4243291,2.095163108,3.05
Hutchinsia_procumbens,n,NA,NA,NA,NA,NA
Hypericum_perforatum,i,0.125809443,0.75,301.1697141,1.245459665,NA
Hypochaeris_glabra,i,0.665028787,0.4,355.603754,4.087824775,NA
Hypochaeris_radicata,i,0.848399925,0.25,446.5922825,17.14523776,NA
Ilex_aquifolium,i,31.20906646,8.214285714,67.59099905,18.26028484,1.584111911
Iris_germanica,i,NA,NA,130.7746594,130.090215,NA
Jacobaea_vulgaris,i,0.197991572,NA,253.2118534,45.76078352,NA
Juncus_balticus,n,0.047412099,0.6,NA,NA,NA
Juncus_bufonius,n,0.016696985,0.163636364,174.6713331,0.748999332,NA
Juncus_effusus,n,0.017039825,1.090909091,76.55077725,36.04692838,1.32462272
Juncus_laccatus,n,NA,NA,NA,NA,NA
Juniperus_maritima,n,NA,NA,NA,NA,NA
Koeleria_macrantha,n,0.294366433,0.3,127.8436505,4.54,1.81
Lactuca_muralis,i,0.308787305,0.9,602.3291118,NA,NA
Lactuca_serriola,i,0.550291474,1.5,170.9255951,59.93,2.8
Lamium_purpureum,i,0.781097702,0.423529412,343.1070196,4.771284233,NA
Lapsana_communis,i,0.902470091,0.692307692,477.2848377,48.7603066,NA
Lathyrus_aphaca,i,15.15694005,NA,NA,NA,NA
Lathyrus_japonicus,n,27.32842809,1.5,NA,NA,NA
Lathyrus_nevadensis,n,16.7,1,NA,NA,NA
Lemna_turionifera,n,NA,NA,NA,NA,NA
Lepidium_virginicum,n,0.488408458,0.6,251.0199637,6.234109127,NA
Leymus_mollis,n,NA,1.5,NA,NA,NA
Lilium_columbianum,n,2.646184389,1.2,NA,NA,NA
Linaria_genistifolia,i,0.1612,1.2,NA,NA,NA
Linnaea_borealis,n,1.774326032,0.1,260.8748408,0.802690579,1.188410362
Listera_cordata,n,NA,0.25,361.7306621,1.958353694,NA
Lithophragma_parviflorum,n,NA,NA,NA,NA,NA
Lolium_perenne,i,1.881075298,0.409090909,259.0771857,3.922499203,3.110111002
Lomatium_nudicaule,n,14.91407469,0.9,NA,NA,NA
Lomatium_utriculatum,n,NA,NA,NA,NA,NA
Lonicera_ciliosa,n,NA,NA,NA,NA,NA
Lonicera_hispidula,n,7.219597336,6,112.439233,6.28,1.2
Lonicera_involucrata,n,1.481234958,5,140.1127538,23.41498703,NA
Lotus_corniculatus,i,1.211548071,0.3,245.7490956,1.302599925,2.901344195
Lotus_purshiana,n,NA,NA,NA,NA,NA
Lupinus_bicolor,n,7.623136267,0.4,NA,NA,2.68
Lupinus_microcarpus,n,21.89243692,NA,NA,NA,NA
Luzula_comosa,n,0.693606115,NA,NA,NA,NA
Maianthemum_dilatatum,n,17.99179271,0.35,NA,NA,NA
Maianthemum_racemosum,n,34.46429498,1,NA,NA,NA
Malus_fusca,n,18.74490249,12,157,NA,NA
Malus_pumila,i,22.35872906,12,170.68,NA,1.734921445
Marah_oreganus,n,NA,NA,NA,NA,NA
Melica_bulbosa,n,NA,NA,NA,NA,NA
Melica_subulata,n,NA,NA,NA,NA,NA
Micranthes_integrifolia,n,NA,NA,NA,NA,NA
Mimulus_alsinoides,n,0.0361314,0.25,NA,NA,NA
Mimulus_guttatus,n,0.019537645,0.8,635.3007589,18.29471628,NA
Minuartia_rubella,n,0.080458744,0.15,NA,NA,NA
Minuartia_tenella,n,NA,NA,NA,NA,NA
Monotropa_uniflora,n,NA,0.3,NA,NA,1.97
Montia_fontana,n,0.262004419,0.2,534.0600126,0.108313716,NA
Montia_parvifolia,n,NA,NA,NA,NA,NA
Myosotis_discolor,i,0.204658006,0.5,298.7326159,0.67368278,NA
Myosotis_micrantha,i,NA,NA,NA,NA,NA
Myosurus_minimus,n,0.07661638,0.1,206.8060184,0.827786772,NA
Narcissus_pseudonarcissus,i,5.235281254,NA,192.9352223,17.31317995,4.3
Nemophila_parviflora,n,4.691789637,0.3,NA,NA,NA
Nepeta_cataria,i,0.55148294,1,308.650226,4.014841737,NA
Oemleria_cerasiformis,n,192.045805,3,166.155671,15.61061777,1.92
Oenanthe_sarmentosa,n,2.186280128,1,NA,NA,NA
Olsynium_douglasii,n,2.7284,0.3,NA,NA,NA
Opuntia_fragilis,n,22.36643436,0.2,NA,NA,NA
Orobanche_californica,n,0.011,0.35,NA,NA,NA
Orobanche_uniflora,n,0.00652469,0.15,NA,NA,NA
Osmorhiza_chilensis,n,6.650562427,NA,NA,1.07,NA
Osmorhiza_purpurea,n,NA,NA,NA,NA,NA
Oxytropis_campestris,n,1.786199296,0.3,149.2537313,NA,NA
Paxistima_myrsinites,n,NA,1,NA,NA,NA
Pentagramma_triangularis,n,NA,NA,NA,NA,NA
Perideridia_gairdneri,n,1.030198427,1.2,NA,NA,NA
Petroselinum_crispum,i,1.656424296,NA,NA,NA,NA
Phalaris_arundinacea,i,0.68753826,2,209.1356762,33.66,3.18
Philadelphus_lewisii,n,0.111783397,3,NA,NA,NA
Phyllospadix_scouleri,n,NA,0.4,NA,NA,NA
Picea_sitchensis,n,2.315457185,60.86065574,63.71489817,0.180636635,1.340906734
Pinus_contorta,n,5.66663163,21.81818182,38.17839945,NA,1.081757615
Piperia_elegans,n,NA,NA,NA,NA,NA
Plagiobothrys_scouleri,n,NA,NA,NA,NA,NA
Plantago_elongata,i,NA,NA,NA,NA,NA
Plantago_lanceolata,i,1.258983651,0.43560879,191.1300186,13.30215447,1.826880883
Plantago_major,i,0.175186471,0.230769231,205.4944927,4.581488774,1.342190893
Plantago_maritima,n,0.396105591,0.24,114.9386818,6.669353877,NA
Plectritis_congesta,n,0.562673973,0.6,NA,NA,NA
Poa_annua,i,0.253322893,0.292124306,369.9339183,1.368892137,3.514680872
Poa_bulbosa,i,0.573100316,0.6,208.5693582,0.159162322,1.34228466
Poa_compressa,i,0.212231483,0.6,204.2454144,1.767318609,5.06
Poa_confinis,n,NA,NA,NA,NA,NA
Poa_pratensis,i,0.282177066,0.461538462,218.6366691,9.66850701,2.166492983
Poa_secunda,n,0.384813303,1.2,NA,NA,1.583666632
Poa_trivialis,n,0.150049836,0.406850033,321.6123488,0.905384859,4.26745826
Polygonum_aviculare,i,0.965717101,1,291.4169516,3.302888492,3.733764435
Polygonum_douglasii,n,1.664393437,0.4,NA,NA,NA
Polygonum_fowleri,n,NA,0.5,NA,NA,NA
Polygonum_spergulariiforme,n,NA,NA,NA,NA,NA
Polypodium_glycyrrhiza,n,NA,NA,NA,NA,NA
Polypodium_hesperium,n,NA,NA,NA,NA,NA
Polypogon_monspeliensis,i,0.083101785,0.7,NA,NA,NA
Polystichum_munitum,n,NA,1.5,NA,NA,NA
Populus_tremuloides,n,0.117330417,16.01243127,123.5389196,18.99828662,2.302322432
Potentilla_anserina,n,0.902587301,0.25,208.78982,34.24778424,2.719965555
Primula_pauciflora,n,0.312269662,NA,NA,NA,NA
Prunella_vulgaris,i,0.809860994,0.285714286,288.5187379,6.668260239,1.67474742
Prunus_avium,i,178.545867,15.38915094,190.4136994,26.37000792,1.89833093
Prunus_cerasus,i,162.4189817,NA,149.6723297,24.42484786,2.829911658
Prunus_emarginata,n,42.2495271,15,173.2622931,8.083807807,NA
Prunus_mahaleb,i,83.8023508,9.473684211,196.9160663,7.01420061,2.068225589
Prunus_virginiana,n,68.25635896,10,158.5849192,21.26233322,2.478216425
Pseudognaphalium_stramineum,n,NA,NA,NA,NA,NA
Pseudotsuga_menziesii,n,15.02411298,61.13948696,60.5069259,0.276626178,1.22967247
Pteridium_aquilinum,n,NA,1.7,140.5284953,NA,2.335245064
Puccinellia_nutkaensis,n,NA,NA,NA,NA,NA
Pyrus_calleryana,i,12.9,NA,NA,NA,1.6
Pyrus_communis,i,32.2815353,15,62.06328908,NA,1.374263439
Quercus_garryana,n,4273.643507,25,71.33994171,22.39204267,NA
Ranunculus_californicus,n,2.364192149,0.6,NA,NA,NA
Ranunculus_occidentalis,n,2.538461945,0.6,NA,NA,NA
Ranunculus_uncinatus,n,0.698538474,0.9,NA,NA,NA
Ribes_divaricatum,n,2.06,2.666666667,345.84,11.98,2.28
Ribes_lacustre,n,0.919779678,2,NA,NA,NA
Ribes_sanguineum,n,2.592964007,2.164556962,220.7260746,32.95499962,2.54
Rosa_gymnocarpa,n,21.0546251,1.5,NA,1.91,NA
Rosa_nutkana,n,11.87681526,3,NA,NA,NA
Rubus_armeniacus,i,NA,NA,NA,NA,NA
Rubus_laciniatus,i,NA,NA,NA,NA,NA
Rubus_leucodermis,n,1.013653195,2,297.2710748,22.96548874,NA
Rubus_parviflorus,n,0.994691291,1.985294118,449.36,49.56175317,2.19
Rubus_spectabilis,n,3.151148546,4,185.2408199,19.70796505,NA
Rubus_ursinus,n,2.017121105,2.903225806,183.0051589,12.58190504,2.01
Rubus_vestitus,i,NA,NA,NA,NA,NA
Rumex_acetosella,i,0.501486817,0.241627287,280.4774555,1.652544532,2.498445741
Rumex_conglomeratus,i,1.33498522,1,220,41.9,NA
Rumex_crispus,i,1.410311714,0.461538462,223.1873168,141.0409835,NA
Rumex_occidentalis,n,1.91517306,1.5,NA,NA,NA
Rumex_transitorius,n,NA,NA,NA,NA,NA
Sagina_decumbens,n,0.011,0.15,NA,NA,NA
Sagina_maxima,n,NA,NA,NA,NA,NA
Salix_hookeriana,n,NA,NA,NA,NA,NA
Salix_lasiandra,n,NA,NA,NA,NA,NA
Salix_scouleriana,n,NA,NA,NA,NA,NA
Salix_sitchensis,n,NA,NA,NA,NA,NA
Sambucus_racemosa,n,1.88860629,3.318277634,281.1331973,106.9625018,5.99
Sanicula_arctopoides,n,2.824666788,0.3,NA,NA,NA
Sanicula_bipinnatifida,n,1.928,0.6,NA,NA,NA
Sanicula_crassicaulis,n,4.662492388,1.2,NA,NA,NA
Sarcocornia_perennis,n,4.851536994,NA,NA,NA,NA
Satureja_douglasii,n,NA,NA,NA,NA,NA
Saxifraga_caespitosa,n,NA,NA,NA,NA,NA
Scorzoneroides_autumnalis,i,0.694395374,NA,258.2912126,1.120193432,2.142405648
Sedum_album,i,0.032938388,0.2,183.5043747,0.224399626,NA
Sedum_lanceolatum,n,0.080672425,0.25,NA,NA,NA
Sedum_spathulifolium,n,NA,NA,NA,NA,NA
Selaginella_wallacei,n,NA,NA,NA,NA,NA
Senecio_sylvaticus,i,0.262825591,0.8,295,53.36,NA
Senecio_vulgaris,i,0.217471783,0.495,302.5704943,3.320963716,NA
Shepherdia_canadensis,n,8.88606731,2,NA,NA,NA
Sherardia_arvensis,i,1.554623388,NA,221.2662107,0.081240384,NA
Silene_antirrhina,i,0.076307285,0.8,NA,NA,NA
Silene_coronaria,i,NA,NA,NA,NA,NA
Silene_gallica,i,0.330994005,0.5,339.4001015,4.38533352,NA
Silene_menziesii,n,0.245295088,0.7,NA,NA,NA
Silene_scouleri,n,0.2956,0.8,NA,NA,NA
Sinapis_arvensis,i,1.632358497,0.666666667,321.3794661,70.9516735,NA
Solanum_dulcamara,i,2.773823092,3,310.8730142,13.56651386,3.98873037
Solidago_lepida,n,NA,NA,NA,NA,NA
Soliva_sessilis,i,0.938798109,NA,NA,NA,NA
Sonchus_arvensis,i,0.465857556,2,212.3101594,49.94287684,NA
Sonchus_asper,i,0.272022164,1.2,246.2412424,50.59968119,3.29
Sonchus_oleraceus,i,0.31684064,1.2,348.5341287,39.79099623,2.882149565
Sorbus_aucuparia,i,4.354886292,1.466037513,155.2289308,6.168301951,2.054011683
Sorbus_hybrida,i,NA,NA,NA,NA,NA
Sorbus_intermedia,i,26.12212565,7.2,174.1614695,52.7809303,NA
Spergularia_canadensis,n,NA,NA,NA,NA,NA
Spergularia_macrotheca,n,0.094630274,0.45,NA,NA,NA
Spergularia_rubra,i,0.042786997,0.3,153.1571714,0.091651514,2.71
Spergularia_salina,n,NA,NA,NA,NA,NA
Spiranthes_romanzoffiana,n,0.0013759,0.5,NA,NA,NA
Stellaria_crispa,n,0.057227616,0.6,NA,NA,NA
Stellaria_media,i,0.303420742,0.409090909,358.8464209,3.075897726,4.043831184
Stellaria_nitens,n,0.096,0.25,NA,NA,NA
Symphoricarpos_albus,n,5.894830775,1.987012987,224.7187713,19.46608042,1.371594582
Symphyotrichum_subspicatum,n,NA,NA,NA,NA,NA
Taeniatherum_caput_medusae,i,6.216722615,NA,NA,NA,1.83
Taraxacum_officinale,i,0.631089303,0.6,309.7168031,37.18,3.569312249
Taxus_brevifolia,n,30.89190426,15,90.62390849,0.22,1.186026973
Teesdalia_nudicaulis,i,0.29007774,0.25,278.9336839,1.044413711,NA
Tellima_grandiflora,n,0.0483556,0.8,342.1184006,57.77,NA
Thuja_plicata,n,1.347086579,60,NA,NA,1.186303521
Tiarella_trifoliata,n,0.426724564,0.5,NA,NA,NA
Toxicoscordion_venenosum,n,1.663359651,NA,NA,NA,NA
Tragopogon_porrifolius,i,11.46463558,1,293.6887403,13.34863939,NA
Trientalis_latifolia,n,NA,NA,NA,NA,NA
Trifolium_dubium,i,0.379751199,0.333333333,292.4753661,1.289883716,NA
Trifolium_incarnatum,i,2.665283334,0.8,282.814481,14.18684249,NA
Trifolium_macraei,n,1.52,0.3,NA,NA,NA
Trifolium_microcephalum,n,0.519199384,0.7,NA,NA,2.89
Trifolium_microdon,n,NA,NA,NA,NA,NA
Trifolium_oliganthum,n,1.062,0.35,NA,NA,NA
Trifolium_pratensis,i,NA,NA,NA,NA,NA
Trifolium_procumbens,i,NA,NA,NA,NA,NA
Trifolium_repens,i,0.55993871,0.171428571,280.1702401,3.669746609,4.083380606
Trifolium_subterraneum,i,6.519350036,NA,250,NA,5.13
Trifolium_tridentatum,n,NA,NA,NA,NA,NA
Trifolium_variegatum,n,1.4583747,0.6,NA,NA,NA
Triglochin_maritima,n,0.579672792,1.2,110.8527077,3.737214378,NA
Triphysaria_pusilla,n,0.228835004,0.2,NA,NA,NA
Trisetum_cernuum,n,0.665302939,NA,NA,NA,NA
Triteleia_grandiflora,n,1.2025,0.7,NA,NA,NA
Triteleia_hyacinthina,n,1.1856,0.6,NA,NA,NA
Tsuga_heterophylla,n,1.914950852,60,90.5097692,0.16,1.180839834
Turritis_glabra,n,0.066238662,1.2,257.8523087,7.301206205,NA
Typha_latifolia,n,0.071737302,2.727272727,97.01537514,218.502322,1.240192825
Urtica_dioica,n,0.136105062,2,269.0681423,31.54897371,4.360904847
Vaccinium_ovatum,n,1.636435002,3,NA,NA,0.684105255
Vaccinium_parvifolium,n,0.222008076,4,204.1743443,1.508973161,NA
Valeriana_hookeri,n,NA,NA,NA,NA,NA
Valerianella_locusta,i,1.710904666,0.04,317,1.52,NA
Veronica_arvensis,i,0.113359679,0.16,310.925452,1.049779848,NA
Veronica_chamaedrys,i,0.20636128,0.15,295.9284433,2.923066309,1.888987883
Veronica_officinalis,i,0.133932853,0.4,254.8623022,0.774209274,1.959907249
Veronica_peregrina,i,0.032529524,0.25,305.9564263,0.395575557,NA
Veronica_serpyllifolia,i,0.056224391,0.3,228.5810126,1.88,NA
Vicia_americana,n,12.64809333,0.461538462,NA,NA,2.588397187
Vicia_cracca,i,14.195288,2,260.9799102,9.581503014,4.070856733
Vicia_hirsuta,i,5.074275981,0.7,214.0022717,2.498803694,NA
Vicia_nigricans,n,89.80896392,2,NA,2.180917238,NA
Vicia_sativa,i,22.01765454,0.8,253.2226504,3.295071334,NA
Vinca_major,i,19.4088,0.48,188.4610957,26.07,NA
Vitis_riparia,i,79,NA,268.4958274,NA,1.57
Vitis_vinifera,i,27.82085549,NA,268.7572548,119.6264764,2.523057513
Vulpia_bromoides,i,0.441502166,0.55,187.6299006,0.377021967,NA
Vulpia_microstachys,n,1.001672829,0.4,NA,NA,NA
Vulpia_myuros,i,0.503101383,0.9,215.9508041,0.32,NA
Woodsia_scopulina,n,NA,NA,NA,NA,NA
Zostera_marina,n,NA,2.5,NA,NA,NA